[
{
    "id": 0,
    "name":"laptop",
    "price":1999.99,
    "qty":5,
    "cat":"special offers",
    "img": "products/specialoffers/laptop.jpg", 
	"imga":"products/specialoffers/laptop1.PNG",
	"imgb":"products/specialoffers/laptop2.PNG",
	"imgc":"products/specialoffers/laptop3.PNG",
	"desc":"Discover the nostalgia with our old laptop made with high quality components. Measuring 35cm long, 25cm wide and 3cm high, it's perfect for vintage collectors. The unique design provides functionality and aesthetics. The vintage style makes it suitable for any tech enthusiast. With each use, the laptop takes on a unique character, adding to its personality."
}
,
{
    "id": 1,
    "name": "bag",
    "price":100.00,
    "qty":12,
    "cat":"electronics",
    "img": "products/specialoffers/bag.jpg",
	"imga":"products/specialoffers/bag1.PNG",
	"imgb":"products/specialoffers/bag2.PNG",
	"imgc":"products/specialoffers/bag3.PNG",
	"desc":"Discover the classic style with our old leather bag made of high quality genuine leather. Measuring 30cm long, 25cm high and 10cm deep, it's perfect for everyday use. Adjustable leather handles and metal buckle provide comfort and security. The vintage design makes it suitable for any event."
}
,
{
    "id": 2,
    "name":"bed",
    "price":2001.00,
    "qty":10,
    "cat":"special offers",
    "img":"products/specialoffers/bed.jpg",
	"imga":"products/specialoffers/bed1.PNG",
	"imgb":"products/specialoffers/bed2.PNG",
    "imgc":"products/specialoffers/bed3.PNG",
	"desc":"Discover comfort with our traditional slippers made of high quality wool. One-size-fits-all, they're perfect for cold days. Warmth and softness provide coziness and comfort. The handmade design makes them suitable for any occasion. With each wear, the slippers take on a unique character, adding to their personality."
}
,
{
    "id": 3,
    "name":"curvul",
    "price": 0.1,
    "qty":9,
    "cat":"special offers",
    "img":"products/specialoffers/curvul.jpg",
	"imga":"products/specialoffers/curvul1.PNG",
	"imgb":"products/specialoffers/curvul2.PNG",
	"imgc":"products/specialoffers/curvul3.PNG",
	"desc":"Discover the traditional style with our tservula made of high quality materials. Measuring 30cm long, 10cm wide and 5cm high, they are perfect for folklore events. Comfort and strength ensure long-lasting wear. The authentic design makes them suitable for any traditional occasion. With each wear, the cherubs take on a unique character, adding to their personality."
}
,
{
    "id": 4,
    "name":"kozunak",
    "price": 99,
    "qty":8,
    "cat":"special offers",
    "img":"products/specialoffers/kozunak.jpg",
    "imga":"products/specialoffers/kozunak1.PNG",
	"imgb":"products/specialoffers/kozunak2.PNG",
    "imgc":"products/specialoffers/kozunak3.PNG",
	"desc":"Discover the classic taste with our traditional kozunak made from high quality ingredients. With a weight of 500 grams, it is ideal for festive tables. The soft texture and sweet taste provide pleasure and delight. The traditional design makes it suitable for any event. With every bite, the kozunak reveals a unique aroma, adding to its authenticity."
}
,
{
    "id": 5,
    "name":"socks",
    "price": 9,
    "qty":0,
    "cat":"special offers",
    "img":"products/specialoffers/socks.jpg",
	"imga":"products/specialoffers/socks1.PNG",
	"imgb":"products/specialoffers/socks2.PNG",
	"imgc":"products/specialoffers/socks3.PNG",
	"desc":"Discover comfort with our traditional slippers made of high quality wool. One-size-fits-all, they're perfect for cold days. Warmth and softness provide coziness and comfort. The handmade design makes them suitable for any occasion. With each wear, the slippers take on a unique character, adding to their personality."
}
,
{
    "id": 6,
    "name":"TV",
    "price": 7777,
    "qty":7,
    "cat":"special offers",
    "img":"products/specialoffers/TV.jpg",
	"imga":"products/specialoffers/TV1.PNG",
	"imgb":"products/specialoffers/TV2.PNG",
	"imgc":"products/specialoffers/TV3.PNG",
	"desc":"Discover quality with our TV made with the latest technology. Measuring 120cm wide, 70cm high and 10cm deep, it is perfect for any living room. Bright colors and clear sound provide a full experience. The modern design makes it suitable for any interior. With every switch on, the TV delivers a unique quality, adding to your entertainment."
}
,
{
    "id": 7,
    "name":"uselessbrick",
    "price": 99999,
    "qty":3,
    "cat":"special offers",
    "img":"products/specialoffers/uselessbrick.jpg",
	"imga":"products/specialoffers/uselessbrick1.PNG",
	"imgb":"products/specialoffers/uselessbrick2.PNG",
	"imgc":"products/specialoffers/uselessbrick3.PNG",
	"desc":"Discover the classic style with our old phone made with high quality materials. Measuring 20cm long, 15cm high and 5cm deep, it's perfect for collectors. The unique design provides aesthetic pleasure and functionality. The vintage style makes it suitable for any decoration. With each use, the phone takes on a unique character, adding to its personality."
}
,
{
    "id": 8,
    "name":"wrench",
    "price": 123,
    "qty":222,
    "cat":"special offers",
    "img": "products/specialoffers/wrench.jpg",
	"imga":"products/specialoffers/wrench1.PNG",
	"imgb":"products/specialoffers/wrench2.PNG",
	"imgc":"products/specialoffers/wrench3.PNG",
	"desc":"Discover the functionality with our wrench made  of high quality steel. Measuring 15cm long and 2cm wide, it's perfect for any repair job. The sturdy and comfortable  grip ensures efficiency and ease of use.The ergonomic design is suitable for all tools. With each use, the wrench takes on a unique character, adding to its effectiveness."
}
,
{
    "id": 9,
    "name":"cart",
    "price": 5000,
    "qty":0,
    "cat":"special offers",
    "img": "products/specialoffers/cart.jpg",
	"imga":"products/specialoffers/cart1.PNG",
	"imgb":"products/specialoffers/cart2.PNG",
	"imgc":"products/specialoffers/cart3.PNG",
	"desc":"Discover convenience with our supermarket trolley made of high quality materials. Measuring 90cm long, 60cm wide and 100cm high, it's perfect for shopping. The spacious design ensures easy collection of all products. The strength makes it suitable for all kinds of shops. With each shopping trip, the cart takes on a unique character, adding to your convenience."
}
,
{
    "id": 10,
    "name":"eggs",
    "price": 1,
    "qty":13,
    "cat":"special offers",
    "img":"products/specialoffers/eggs.jpg",
	"imga":"products/specialoffers/eggs1.PNG",
	"imgb":"products/specialoffers/eggs2.PNG",
	"imgc":"products/specialoffers/eggs3.PNG",
	"desc":"Discover freshness with our fresh eggs from free-range hens. In L sizes, they are perfect for any recipe. High quality and natural taste ensure a healthy and tasty dish. The natural origin makes them suitable for all ages. With each egg you get a unique quality, adding to your culinary delight."
}
,
{
    "id": 11,
    "name":"Headphones",
    "price": 300,
    "qty":4,
    "cat":"Electronics",
    "img":"products/electronics/headphones.jpg",
	"imga":"products/electronics/headphones.jpg",
	"imgb":"products/electronics/headphones.jpg",
	"imgc":"products/electronics/headphones.jpg",
	"desc":"Discover freshness with our fresh eggs from free-range hens. In L sizes, they are perfect for any recipe. High quality and natural taste ensure a healthy and tasty dish. The natural origin makes them suitable for all ages. With each egg you get a unique quality, adding to your culinary delight."
}

]